time,P1,P2,P3,P4
0.0,-0.00518247827602,-0.00921053950412,0.000434046955303,0.000518519360992
1.0,-0.00218103881475,-0.00450787247009,-0.000674975850423,0.000564082621351
2.0,0.00768041958742,0.00262564982308,-0.000794673343825,0.00230319128541
3.0,0.00132410097923,0.00326704109338,0.00592402662225,0.00025816885811
4.0,0.0179338664209,0.0194127049299,-0.00398510791604,0.0057802279565
5.0,0.0326908581339,0.0128787977657,0.0210485803739,0.0100697756241
6.0,0.016115389624,0.0274418881515,0.022193458982,0.0151036207165
7.0,0.0287632606482,0.0213272940361,0.0167784736609,0.0186144013999
8.0,0.0369793200692,0.0234460217057,0.0234075028323,0.0153220390904
9.0,0.0367721557439,0.0223371803699,0.0246845400162,0.0201581465498
10.0,0.0384160654917,0.0353486861556,0.028865850175,0.0210317004006
11.0,0.0469877334292,0.0496344063059,0.0339998688257,0.0280561388344
12.0,0.0637004399606,0.0472637461072,0.0274766463736,0.0255712124391
13.0,0.0555090920666,0.0447176010391,0.0406756738185,0.0325502654584
14.0,0.0670037779199,0.0507560130345,0.0524129442498,0.0354313920464
15.0,0.073131303484,0.0614126535333,0.0447360799824,0.043376885158
16.0,0.0706258150556,0.0618756164874,0.0437392194474,0.032642845312
17.0,0.0762260959818,0.0648735877244,0.0508046129469,0.0327118873904
18.0,0.0944399969171,0.072169936206,0.0567509557985,0.0557640886864
19.0,0.0877676271794,0.0807100953504,0.0595012516655,0.04844969866
20.0,0.0848677561335,0.0877743015479,0.0514629080468,0.0550754197167
21.0,0.102535772058,0.0793264171668,0.0597994102066,0.0500531315304
22.0,0.0997418471202,0.080763879584,0.0755224431448,0.0507395825154
23.0,0.111359948378,0.0842866485482,0.0710456909238,0.0602096957002
24.0,0.102464031441,0.099344949781,0.0749945351124,0.0522204382983
25.0,0.119482121794,0.0919148195568,0.0811560243159,0.0594732377403
26.0,0.119990942703,0.107977805255,0.0804750871468,0.0629184198506
27.0,0.135209205879,0.104151278987,0.0899181937524,0.0587025419819
28.0,0.131183225156,0.110672775407,0.0802331665967,0.0757698638431
29.0,0.135126665006,0.103136916658,0.0892784407161,0.0636641149101
30.0,0.143477907778,0.118400567885,0.0887012594844,0.0612249396259
31.0,0.127285539233,0.118127853615,0.0955351598057,0.0830396888443
32.0,0.13757028158,0.120334083919,0.103921318728,0.0672724375519
33.0,0.151561325602,0.121002657174,0.0992033301051,0.0825877619893
34.0,0.148496795804,0.121878910748,0.0970260758725,0.0898236637966
35.0,0.155083934719,0.131976599659,0.0957919205035,0.0845597793845
36.0,0.160964217985,0.129361971924,0.108340692741,0.0941144070909
37.0,0.162251212717,0.144865272389,0.107703945956,0.0916394019487
38.0,0.168256286229,0.135219156878,0.112585135333,0.0865240894693
39.0,0.16851709686,0.140336296457,0.107767683328,0.0917375092532
40.0,0.177667390914,0.150914789528,0.126541766492,0.0929451915536
41.0,0.182501132427,0.154195019205,0.122821728808,0.103651997526
42.0,0.189098079482,0.154033885533,0.123959507525,0.104333095181
43.0,0.185757915442,0.157933033595,0.121914295708,0.106087329189
44.0,0.188542195826,0.149120901325,0.132225884367,0.10817472987
45.0,0.189793957047,0.16775821632,0.14167630079,0.110467106535
46.0,0.199801790255,0.164778795269,0.134148556,0.113602927597
47.0,0.206184652387,0.175740105921,0.132403503876,0.125573694449
48.0,0.205777324589,0.170721135538,0.132500333107,0.11105400573
49.0,0.209616922741,0.174105636534,0.142016903604,0.120717761918
50.0,0.219726601123,0.184256443537,0.142068725858,0.115646370607
51.0,0.209558390334,0.177314159371,0.146631687044,0.119561706081
52.0,0.215283866926,0.186029505486,0.144554888215,0.128085091852
53.0,0.223544436386,0.186655963775,0.158367418329,0.122802031124
54.0,0.223608678207,0.1964532447,0.157890314312,0.12875877691
55.0,0.235091337965,0.195143982001,0.148676993454,0.129645348046
56.0,0.227991628514,0.194572332141,0.16503543855,0.142495180286
57.0,0.232270729483,0.206907543879,0.16246120186,0.13372356327
58.0,0.235048838304,0.202259822552,0.165660554653,0.133023019981
59.0,0.246707178658,0.205019264031,0.162683440389,0.145246908328
60.0,0.248701914859,0.20807521229,0.172337191771,0.134739016646
61.0,0.246126604171,0.207146741967,0.168608934234,0.132355470677
62.0,0.261255331099,0.214145081307,0.17081896143,0.141409939313
63.0,0.250604558889,0.22276369408,0.173711861219,0.140277685827
64.0,0.248799762763,0.221195820658,0.177603510058,0.15083553474
65.0,0.257586694895,0.210271091165,0.178797287969,0.144991678012
66.0,0.262073068009,0.224298513845,0.18398634143,0.152881339262
67.0,0.271487353738,0.227012445336,0.188889019472,0.149975567842
68.0,0.271497914847,0.233857200089,0.187312435347,0.148199405513
69.0,0.273511656924,0.231743131976,0.195629697383,0.156821554087
70.0,0.279444536853,0.242758582206,0.191160413783,0.158230188424
71.0,0.274720499788,0.236563448987,0.191545407128,0.169458449922
72.0,0.285233510931,0.22941289073,0.191798099414,0.174140135426
73.0,0.282832922519,0.249200295126,0.195988351639,0.163011953186
74.0,0.289158688993,0.247854896892,0.201468011291,0.168319811839
75.0,0.30017902867,0.25628670526,0.200948018675,0.170954944447
76.0,0.297055910072,0.253482262978,0.19972791757,0.165585700123
77.0,0.304599647474,0.258451411586,0.200792006508,0.171212618286
78.0,0.297111281882,0.260532818017,0.215319674214,0.180029009566
79.0,0.301829136515,0.25597981827,0.213874835741,0.177105117247
80.0,0.309445408839,0.263965099737,0.206023380258,0.186265113252
81.0,0.305110180468,0.262796936588,0.21444602226,0.184905525304
82.0,0.307689466699,0.268090096064,0.218317485137,0.184497141307
83.0,0.30510510854,0.266595214119,0.215789996953,0.190127838773
84.0,0.320515453503,0.266050856722,0.225217207264,0.17048225788
85.0,0.31949968833,0.276270854617,0.219676014279,0.189843219739
86.0,0.324740296656,0.272882030669,0.218285030497,0.184495844077
87.0,0.328094806579,0.274465286933,0.229880252443,0.181032734985
88.0,0.332287542249,0.291798533721,0.239104747478,0.191258565746
89.0,0.337651075794,0.278216633399,0.236476777848,0.189820345981
90.0,0.334986067652,0.285957753023,0.236656091784,0.19648331219
91.0,0.339549978756,0.28110084825,0.229432317629,0.195191242738
92.0,0.337759100042,0.286380017745,0.233230317258,0.200301264208
93.0,0.343086152096,0.289592019146,0.238923577255,0.201133888978
94.0,0.338438958035,0.293809824037,0.243003436608,0.20084484288
95.0,0.347930007501,0.293445496803,0.24517091177,0.200460345474
96.0,0.343507527336,0.296809202944,0.239151266464,0.216677086118
97.0,0.363147585588,0.306555445165,0.250682251498,0.21160549443
98.0,0.353120812211,0.302330726508,0.24211779743,0.203861695364
99.0,0.368489120296,0.302064047368,0.252094744473,0.209249897937
100.0,0.363537574835,0.314683127713,0.262166605138,0.220565646746
101.0,0.362311038758,0.312486935892,0.2618788582,0.211446674434
102.0,0.366048000889,0.305343481503,0.254208755526,0.219689067265
103.0,0.362833019227,0.314597590749,0.264276420776,0.220662966129
104.0,0.364796834954,0.322241623343,0.258659925746,0.214122181503
105.0,0.375883866264,0.316436536436,0.267748245441,0.22502878939
106.0,0.374706060827,0.320921988473,0.258580257446,0.221848921263
107.0,0.38697291898,0.329497694498,0.26696255967,0.220791684943
108.0,0.374816706006,0.327470882679,0.268043288509,0.22545336634
109.0,0.389636293414,0.339654338145,0.267255356521,0.230937365591
110.0,0.389319562105,0.325197859542,0.270197888729,0.228214676188
111.0,0.385156564769,0.325513032862,0.272792081726,0.225675692827
112.0,0.376036782174,0.33449969443,0.277254231149,0.227934515488
113.0,0.391785418295,0.337959137359,0.280083988824,0.227501311435
114.0,0.396832214021,0.340193552786,0.283797710687,0.238114763764
115.0,0.393698483038,0.330720301341,0.283153468879,0.229159362712
116.0,0.387104928954,0.34265003187,0.286153392274,0.23262839808
117.0,0.403076711514,0.338456666429,0.280878138014,0.24100903615
118.0,0.395498537448,0.342645625101,0.27833038881,0.239978927105
119.0,0.402081197907,0.342936042452,0.286545678927,0.242225789131
120.0,0.412006147875,0.34827259096,0.294901810172,0.236531192001
121.0,0.408688064464,0.352557673215,0.298295333124,0.236349136673
122.0,0.413906719146,0.354867281373,0.288925983131,0.232450827208
123.0,0.41384384522,0.345319539132,0.296900810813,0.253398094026
124.0,0.424057648215,0.355665707532,0.29407779395,0.253036084114
125.0,0.419284252795,0.35719169233,0.295544151859,0.25614553338
126.0,0.422809382754,0.360337604244,0.296347194552,0.250951021877
127.0,0.410685510321,0.365576636453,0.307854218456,0.244449578671
128.0,0.420912971137,0.364393445891,0.29962438501,0.254537034222
129.0,0.423759258133,0.369191565216,0.301345577804,0.24966087407
130.0,0.420538805936,0.373813875392,0.3035440542,0.249151348234
131.0,0.426451144444,0.380231180064,0.30422247688,0.251623493327
132.0,0.428551490691,0.369229521651,0.305862006991,0.259417151568
133.0,0.425512823943,0.380068470654,0.319697821879,0.260453554185
134.0,0.428661167515,0.373048321461,0.305161132485,0.261408005076
135.0,0.441651134042,0.369358831719,0.302230605994,0.250074057466
136.0,0.440640223789,0.384304207795,0.313561068259,0.266611042491
137.0,0.444138819692,0.380749634374,0.324623413161,0.264818918442
138.0,0.444749767888,0.383793508325,0.315842415632,0.277261306056
139.0,0.433111428445,0.368923067388,0.308400447722,0.265528135592
140.0,0.443895573974,0.384067400686,0.321130026434,0.277481310947
141.0,0.4434244882,0.384516499297,0.321362701637,0.264703188169
142.0,0.445151477278,0.39491999861,0.323077346488,0.270694727259
143.0,0.449311801324,0.384898957637,0.328561673323,0.278671455256
144.0,0.4547666805,0.392645742765,0.310853619443,0.27609467219
145.0,0.454891258591,0.392838743661,0.331350009217,0.272382777691
146.0,0.458263433045,0.393421603333,0.331951071559,0.27173352529
147.0,0.457815574278,0.402691255438,0.331715853953,0.278542529126
148.0,0.457507662783,0.405106004328,0.328113144883,0.280502061061
149.0,0.468357804383,0.401611170708,0.331520626741,0.275306579271
150.0,0.474508430289,0.406991882629,0.341748031472,0.280687959326
151.0,0.466068056546,0.408383282867,0.328853607157,0.28761203956
152.0,0.46562600529,0.401114747202,0.334781843014,0.295336937694
153.0,0.46548831487,0.40767140331,0.336272624865,0.292228087345
154.0,0.466535615075,0.405168274522,0.342828463628,0.2815867312
155.0,0.47413767839,0.423142321874,0.340342991327,0.287367380927
156.0,0.484773468016,0.405314093035,0.337044354302,0.292756641832
157.0,0.474557950532,0.414267647896,0.343408011216,0.289682301038
158.0,0.470874216679,0.417484021001,0.349232100867,0.283278762653
159.0,0.481161668414,0.408906560884,0.34820668022,0.29145356606
160.0,0.476331697891,0.415929197996,0.352885871535,0.301360426996
161.0,0.488426526844,0.415670306472,0.352785300693,0.296645108692
162.0,0.484577953008,0.42425028255,0.35683025688,0.292702859656
163.0,0.493180476205,0.419703922558,0.344410900298,0.298351007752
164.0,0.491366754201,0.427217639469,0.347661238735,0.300985911615
165.0,0.492851930577,0.427777554255,0.347817404497,0.296255555854
166.0,0.489138854132,0.423874731569,0.356790826238,0.288179942293
167.0,0.490607699289,0.429032510053,0.363663980229,0.300649154876
168.0,0.493130279229,0.424853112472,0.353267169408,0.296795053318
169.0,0.498422822636,0.434578357449,0.354874610771,0.298888539938
170.0,0.505180004215,0.428067359557,0.362142722099,0.317885724596
171.0,0.496942325259,0.431082809695,0.354005311843,0.311085361461
172.0,0.508035286035,0.429285540451,0.361796474569,0.31098643708
173.0,0.502443240004,0.430888303117,0.366244409777,0.316014651965
174.0,0.502274639354,0.443619213782,0.367990868844,0.310385089654
175.0,0.502484512012,0.442001446607,0.364130709936,0.316223614234
176.0,0.509369451225,0.441982777339,0.376921568406,0.31927065553
177.0,0.507152002475,0.438150063887,0.37535775606,0.31070730461
178.0,0.513974579507,0.441926000989,0.372337108336,0.319543639512
179.0,0.514041094593,0.443240623842,0.367171777567,0.321377870467
180.0,0.514730658406,0.446576261559,0.373679873641,0.32560826274
181.0,0.525662247621,0.450532947989,0.375463963827,0.321478282116
182.0,0.518831417609,0.454635147793,0.389128213978,0.311850531451
183.0,0.513656887356,0.445109233268,0.379039961806,0.320412320773
184.0,0.532627847887,0.436425275287,0.368370338768,0.31535336026
185.0,0.523971819651,0.453072337891,0.377104636183,0.318839095943
186.0,0.528574368367,0.451853900781,0.385223494892,0.33490495527
187.0,0.524964000487,0.454579030778,0.387739146061,0.323797400878
188.0,0.533076812999,0.462650282942,0.381702993603,0.325113472902
189.0,0.531108401281,0.455941493587,0.378819336096,0.321030741578
190.0,0.53443016502,0.459255448201,0.384470755998,0.324234869715
191.0,0.532076458747,0.463862688522,0.391200368672,0.329159359902
192.0,0.536563851733,0.460940878345,0.384007516939,0.325294602593
193.0,0.53119374069,0.466039681024,0.395023802182,0.338424677591
194.0,0.543067691169,0.472646106856,0.38662619602,0.335291284621
195.0,0.544523094736,0.470628267093,0.391092190863,0.335575012204
196.0,0.534204691739,0.469363026307,0.391829174834,0.337903034836
197.0,0.540558726585,0.470545675654,0.396511783559,0.336430075305
198.0,0.54047176088,0.473882210454,0.402603386838,0.332415186306
199.0,0.555803425934,0.484421136401,0.398666721469,0.334073884727
200.0,0.551743486744,0.479144380784,0.393837782136,0.336324538151
201.0,0.544331262443,0.47841347227,0.394373427712,0.337569848883
202.0,0.548949418772,0.478579772212,0.400185158519,0.343448537794
203.0,0.548334154698,0.480647057399,0.402775823954,0.345451949936
204.0,0.546042955207,0.48007623655,0.393274620071,0.339411322686
205.0,0.550681648007,0.473714383882,0.401443744505,0.338914407978
206.0,0.549645070639,0.478810377308,0.404227585757,0.338686194774
207.0,0.551801432488,0.483394551122,0.401050105006,0.348334195782
208.0,0.54794694589,0.481483735988,0.408999690931,0.345391710451
209.0,0.57053872336,0.489113694006,0.402974644688,0.340620427081
210.0,0.557055734738,0.483340407703,0.403749627957,0.341956951902
211.0,0.561091277877,0.484260767111,0.407796878172,0.350711854074
212.0,0.56185206306,0.492513294828,0.406227904979,0.348126522531
213.0,0.560904817103,0.495358254506,0.413617553989,0.349831779176
214.0,0.570458235835,0.488899548963,0.407343781384,0.347009017022
215.0,0.563640498741,0.495915571526,0.420919111118,0.352768968393
216.0,0.568258901907,0.491650823,0.41231057171,0.351121987009
217.0,0.566827481716,0.49788579424,0.413850761529,0.351297614112
218.0,0.574918329832,0.494197937434,0.416899947082,0.359709405746
219.0,0.567656371657,0.503495943993,0.41270862044,0.349047661106
220.0,0.579933809359,0.493281542897,0.417371951849,0.351734926046
221.0,0.560973747678,0.497260254705,0.410769419403,0.359196046848
222.0,0.580615029428,0.500096708658,0.419567064199,0.36375639611
223.0,0.575125864829,0.504682670411,0.417988416421,0.355565266706
224.0,0.578797632015,0.504424206143,0.42283805764,0.372742894291
225.0,0.582171407751,0.499440446026,0.424353859228,0.360579783204
226.0,0.577488699594,0.512699907721,0.425169123596,0.366966902179
227.0,0.575370896565,0.496633957145,0.426875297141,0.361909130304
228.0,0.580536485425,0.516337320032,0.431531860441,0.362542674961
229.0,0.589836782734,0.513747939934,0.428194101146,0.363131160129
230.0,0.572568551274,0.514194665384,0.431011009408,0.375209511836
231.0,0.585268194372,0.518736710791,0.433333779987,0.368890487091
232.0,0.590873198149,0.513307425997,0.431971545777,0.366108193298
233.0,0.590573633575,0.51631218414,0.428415053894,0.361393718853
234.0,0.590778862509,0.516685884546,0.437377784938,0.358241708698
235.0,0.589583125727,0.519273612412,0.435510250205,0.373627619035
236.0,0.586136684467,0.509929435028,0.431306805579,0.36269221442
237.0,0.589711504108,0.517008815391,0.444336165324,0.368243862791
238.0,0.589800962276,0.517946883006,0.436072701903,0.376092196944
239.0,0.590086682542,0.521213457363,0.430920275869,0.373741938204
240.0,0.598665049556,0.530574390657,0.436393212178,0.377117091829
241.0,0.59825482609,0.521981046622,0.440270356318,0.378728923191
242.0,0.599065128216,0.523273060434,0.452492371076,0.376900119318
243.0,0.603294631931,0.521675182026,0.440541193596,0.375197392732
244.0,0.599917836457,0.521131496825,0.443822111895,0.380378388289
245.0,0.601191851825,0.525669838674,0.440861662612,0.389781969593
246.0,0.610160751204,0.520555954482,0.439159188931,0.385284568128
247.0,0.596141228631,0.537658153937,0.44028997487,0.37728318077
248.0,0.600359396656,0.528083487444,0.441207816229,0.385605562895
249.0,0.615824481847,0.530852547802,0.449075021312,0.37977808528
250.0,0.611115016147,0.527589823995,0.448284669443,0.382155753983
251.0,0.604914458212,0.543364179974,0.436898569972,0.383059182071
252.0,0.609445550451,0.533031927839,0.454486197834,0.386520391748
253.0,0.606284883535,0.536702601303,0.450803634699,0.387375791313
254.0,0.618604870423,0.536874942511,0.45502030909,0.381130413676
255.0,0.610627285483,0.5371806494,0.44224496498,0.388093944582
256.0,0.619231321674,0.539378827722,0.463914862266,0.382307904924
257.0,0.610225011158,0.530094761156,0.451580225514,0.383482784826
258.0,0.618196456382,0.542652568056,0.457155696736,0.388077612494
259.0,0.617995538985,0.541760343648,0.456612613332,0.393418033621
260.0,0.624151423957,0.546627230925,0.454544082441,0.393110936071
261.0,0.618193727639,0.528419041756,0.458964358161,0.396598294002
262.0,0.621711707025,0.545545800439,0.44767998197,0.386075406702
263.0,0.616101954031,0.545421483152,0.464128043384,0.399153721996
264.0,0.621606773672,0.543414649069,0.460640317989,0.395399348055
265.0,0.61975137018,0.544900344583,0.455446581773,0.397898471965
266.0,0.623265230707,0.553178889148,0.45703236436,0.39104539162
267.0,0.627283753286,0.543307743092,0.460387377708,0.400768022284
268.0,0.630570305878,0.54690223422,0.467054890218,0.393784710602
269.0,0.617909312801,0.551097359531,0.46074212773,0.394823680642
270.0,0.632423623048,0.551293889781,0.465953682393,0.398569297433
271.0,0.629352177748,0.556941505191,0.467822866465,0.398941273495
272.0,0.62964407094,0.557379196468,0.456948033959,0.390736010475
273.0,0.636017381534,0.553252671964,0.461753476579,0.40039814667
274.0,0.63595400002,0.548587501207,0.467772265872,0.400765408149
275.0,0.629919878571,0.554759824173,0.459587962813,0.40409764828
276.0,0.640102768517,0.555896132584,0.472346583925,0.411780035884
277.0,0.640404275429,0.563494152653,0.470063893431,0.404032354147
278.0,0.626463266572,0.562403346747,0.460416820266,0.399618272661
279.0,0.636484622984,0.56543807755,0.467054971386,0.410487527808
280.0,0.64632341016,0.559900681827,0.47124823014,0.404005242344
281.0,0.638559014597,0.555144052246,0.483508645024,0.400809933628
282.0,0.634357564585,0.574217459606,0.474952828592,0.403696934121
283.0,0.64509640094,0.557763162261,0.475133453082,0.404500375769
284.0,0.638220766967,0.573586882573,0.478254849564,0.401629121625
285.0,0.651435215743,0.561428843348,0.468148896859,0.411966583546
286.0,0.645008102522,0.568653106596,0.480057477019,0.413899084725
287.0,0.644672796141,0.560586635495,0.481923104892,0.409771665806
288.0,0.649182993094,0.558702361001,0.480053570301,0.417602143725
289.0,0.643799905126,0.568783885636,0.482943099303,0.406921788084
290.0,0.643510044988,0.56988087069,0.482439954342,0.410924926492
291.0,0.645664429011,0.571287983453,0.487092242279,0.412031324375
292.0,0.647092886541,0.572393141876,0.480752262559,0.412549286618
293.0,0.649375251046,0.572463662698,0.493150757737,0.427164252671
294.0,0.656853972371,0.578467184834,0.483251217582,0.410416307221
295.0,0.645172700595,0.571468040028,0.479351123323,0.408638943241
296.0,0.641597459412,0.573724026683,0.478563155547,0.407885961651
297.0,0.655140666969,0.577862216949,0.485218574825,0.418948811651
298.0,0.650149442535,0.574096370769,0.479798923604,0.424323178452
299.0,0.658901307849,0.580336891431,0.486554933915,0.418308326957
300.0,0.658859450621,0.567393375695,0.490042560277,0.428442946483
301.0,0.655271222457,0.584136461913,0.488956760999,0.424039454083
302.0,0.655539602003,0.571666383985,0.489498903087,0.417906766284
303.0,0.655684139442,0.5781323991,0.48367607072,0.419344191787
304.0,0.659815507715,0.572106639084,0.492018442178,0.429294138804
305.0,0.660588229073,0.57583946397,0.488047777772,0.425588316115
306.0,0.65980465848,0.580412501406,0.490452624416,0.416728838222
307.0,0.651050888721,0.575269639933,0.491738526445,0.425702777188
308.0,0.665186116007,0.581105011989,0.495673478933,0.418360883466
309.0,0.664238441017,0.589727831938,0.497047105553,0.426175830872
310.0,0.65643890828,0.58610522967,0.495535345944,0.408392145796
311.0,0.664916204582,0.584913923374,0.491344987778,0.424747169655
312.0,0.666470524825,0.591295386879,0.503576867505,0.434334453937
313.0,0.667159684662,0.584583793109,0.494551352913,0.423153421174
314.0,0.670451129037,0.586921348206,0.493897995204,0.430031853209
315.0,0.663382100467,0.593438369897,0.500381629098,0.428876249964
316.0,0.674728392735,0.599471602552,0.499982533306,0.427692396233
317.0,0.666942439112,0.591960208458,0.498594262252,0.43135904511
318.0,0.661643454185,0.594899407803,0.505089902653,0.436141577319
319.0,0.665402983173,0.591933633652,0.506082762662,0.437714179115
320.0,0.675355580041,0.584796608406,0.504974738508,0.426837578357
321.0,0.671499940377,0.597398025749,0.502859893935,0.439982826968
322.0,0.669780822087,0.584373963209,0.513178616685,0.428697430676
323.0,0.665353020631,0.599132209539,0.510468726559,0.433760520695
324.0,0.672986003125,0.599016740287,0.501452545644,0.428781739167
325.0,0.674834535376,0.60329664839,0.504479035076,0.440778219404
326.0,0.673844005388,0.600392605768,0.51070351585,0.43345770839
327.0,0.682097018149,0.592990786884,0.506377334621,0.428870490648
328.0,0.676436176758,0.600268753251,0.509662533458,0.438094322559
329.0,0.680277972457,0.603403327343,0.503297310063,0.428665860612
330.0,0.686211204178,0.610817681487,0.503972940039,0.436634775817
331.0,0.680439087462,0.603408770718,0.50249589324,0.435619625463
332.0,0.676995651682,0.604476149419,0.515729646218,0.446113336394
333.0,0.674915649216,0.607248457074,0.50292749483,0.437431292893
334.0,0.679858253246,0.59907269548,0.511675487702,0.441411066971
335.0,0.676122423871,0.608325396777,0.515889952293,0.442556399294
336.0,0.68964104843,0.612743709907,0.510437077456,0.447390944535
337.0,0.68119525171,0.604293407298,0.50913353387,0.439704078976
338.0,0.690357688828,0.607365010571,0.514705951911,0.442224154351
339.0,0.687718821509,0.609075441272,0.507731118524,0.439292495652
340.0,0.68390309586,0.60345661039,0.521230257489,0.447922744806
341.0,0.690247450711,0.617674286902,0.514125455735,0.442872362371
342.0,0.695105351264,0.607194370207,0.527474376013,0.455839618029
343.0,0.685820752633,0.618680037761,0.523659271966,0.44507508172
344.0,0.693673503985,0.616663459662,0.526995979752,0.449654121138
345.0,0.698188786783,0.612289280687,0.522832692731,0.449093346971
346.0,0.694113534724,0.621387565328,0.515062982002,0.44450686727
347.0,0.679836856806,0.612847426813,0.526257905114,0.457364790266
348.0,0.696814760616,0.614313597866,0.519722561225,0.444179798638
349.0,0.687733687753,0.608891245932,0.509931176007,0.450275457446
350.0,0.700344607927,0.609673705603,0.52314488847,0.447244062581
351.0,0.705854590838,0.612208192194,0.518111585349,0.438094295006
352.0,0.691667643182,0.620145785633,0.526957326161,0.453216446821
353.0,0.688320206521,0.618607680999,0.520911639663,0.458491130272
354.0,0.684656266141,0.616903749237,0.524405725504,0.446828297733
355.0,0.700995895889,0.623311030161,0.533191120719,0.455702400485
356.0,0.699158226341,0.624651792375,0.528174876636,0.453005935959
357.0,0.710704177637,0.618095543826,0.526391992371,0.451739475399
358.0,0.715274779181,0.622653593631,0.529198395546,0.459465525066
359.0,0.703478840691,0.615716878885,0.51785401766,0.450164888016
360.0,0.71222680817,0.623384607294,0.530398343063,0.452681489071
361.0,0.697448270429,0.619373649341,0.526157548161,0.451312733138
362.0,0.704909885782,0.622735286137,0.533972431957,0.454857165037
363.0,0.705933240533,0.631318072268,0.537286857484,0.458442563611
364.0,0.71726106997,0.626650163894,0.527687903986,0.459121712527
365.0,0.703548091628,0.629700669056,0.526303111721,0.453399161157
366.0,0.700799838418,0.617716720092,0.533431952084,0.462326042455
367.0,0.70659487196,0.625993863452,0.530468772691,0.462211845684
368.0,0.700807772299,0.63092343935,0.529401814178,0.461692434797
369.0,0.702667880956,0.63342968918,0.525090396798,0.460213658558
370.0,0.710540563759,0.632389461528,0.534294583231,0.464364980141
371.0,0.699105212768,0.630806465395,0.534546284027,0.475785326167
372.0,0.708699737904,0.627758077893,0.527884200936,0.453983535221
373.0,0.705506549301,0.630793899147,0.538298975854,0.467442411553
374.0,0.718274348216,0.625345907497,0.53318149439,0.469830283027
375.0,0.716465053602,0.626338159316,0.53557008116,0.46954762188
376.0,0.718102047341,0.634284193999,0.554209819069,0.472314517471
377.0,0.717421694234,0.63278205299,0.530665575877,0.455121190096
378.0,0.714574376446,0.632372522979,0.538319428569,0.463914613048
379.0,0.718869212447,0.621335812926,0.536473612851,0.470175567417
380.0,0.718452584283,0.635788150286,0.543201729718,0.453384861415
381.0,0.712972531591,0.634440819599,0.536748258014,0.461249948983
382.0,0.712766390853,0.635998243896,0.538665716502,0.463574529225
383.0,0.719506832291,0.63588331406,0.544826722791,0.469086182198
384.0,0.71772480371,0.634483646676,0.544408252808,0.46622401963
385.0,0.709918116746,0.635443963453,0.540650929207,0.473502829308
386.0,0.717764105684,0.638019571188,0.540204669733,0.479440352553
387.0,0.723523599907,0.642373863648,0.544672127137,0.469373693803
388.0,0.716500139167,0.650223597216,0.541379240711,0.478153021155
389.0,0.720192542732,0.64516329568,0.550678443657,0.468137811149
390.0,0.72099931509,0.642969843749,0.550695369906,0.47204857929
391.0,0.729344385132,0.632143475623,0.551405520638,0.466339720425
392.0,0.722438255869,0.640137787519,0.557489989586,0.46957325925
393.0,0.724383210227,0.644400993671,0.541300415472,0.480847126333
394.0,0.71932837351,0.64716402537,0.553962388253,0.474553934638
395.0,0.719430482146,0.642511125917,0.556055565019,0.471544017092
396.0,0.725706233442,0.644008471492,0.553683788241,0.479573284995
397.0,0.731813064032,0.648110309549,0.543183832817,0.475365685744
398.0,0.71705869494,0.646927208075,0.55039689306,0.491726758713
399.0,0.729873162498,0.642630174321,0.550428634971,0.478184500183
400.0,0.726206979522,0.63902374669,0.554933817729,0.479898380741
401.0,0.722743627903,0.645346697845,0.545932117402,0.47384609254
402.0,0.723967296608,0.650568292394,0.552710639049,0.476503876431
403.0,0.731353430216,0.655993773255,0.55225532133,0.475024648026
404.0,0.726956967163,0.643978252431,0.550852172391,0.477508996218
405.0,0.726433226636,0.649583915161,0.562810778759,0.479065198348
406.0,0.72922533683,0.645439499418,0.55302655335,0.470961376586
407.0,0.73323878424,0.643852489127,0.563432159298,0.482320414264
408.0,0.736813233085,0.655838374929,0.554877870012,0.484042147771
409.0,0.725399897875,0.649802874124,0.552018190761,0.484435158181
410.0,0.723792547445,0.651849475715,0.541907838119,0.484677914995
411.0,0.73193539044,0.647394633098,0.550729259037,0.488898491289
412.0,0.730753312256,0.644234575538,0.552315723033,0.476346762839
413.0,0.729714033518,0.656490225848,0.554301373397,0.487836611016
414.0,0.732174120844,0.656800053527,0.554048240246,0.480024115412
415.0,0.736035055787,0.655365391131,0.571432763798,0.47605929456
416.0,0.741318195942,0.65808325242,0.554447297316,0.481016669287
417.0,0.737746953914,0.66321641274,0.55988894226,0.487003162166
418.0,0.74701143331,0.660161858629,0.557129967174,0.478463399076
419.0,0.745408013293,0.649376439994,0.553098564785,0.480495480073
420.0,0.737967206657,0.656590703299,0.559507713397,0.491408754791
421.0,0.735838199509,0.660322040855,0.559291515214,0.482950316795
422.0,0.733869979903,0.659091851363,0.556179568742,0.483489375511
423.0,0.746630034286,0.6613475052,0.560133121122,0.485466590197
424.0,0.740736170635,0.667678975894,0.565380145154,0.486363996533
425.0,0.74560622984,0.660405058419,0.558686550629,0.491991537214
426.0,0.743559628762,0.659302196573,0.570210195248,0.494276656468
427.0,0.751187715236,0.663208605075,0.573307716652,0.476316545365
428.0,0.746224813097,0.671963762767,0.570186046278,0.490798500225
429.0,0.739486705093,0.662107186347,0.561348040304,0.482627821719
430.0,0.746888101186,0.667048066003,0.572805851776,0.497370349749
431.0,0.739366099952,0.659616086951,0.569580618443,0.485068813157
432.0,0.75432170797,0.67089291279,0.56333412549,0.491520050773
433.0,0.743584367852,0.677508223768,0.571337614029,0.492000601799
434.0,0.754019618971,0.66294135991,0.563448281562,0.50172407559
435.0,0.747767626233,0.660807653954,0.567731012527,0.50068973663
436.0,0.745105439696,0.669210002613,0.559344051508,0.491426123985
437.0,0.736916606695,0.670772896465,0.571272892152,0.48475724408
438.0,0.753375495052,0.663733640704,0.57472974118,0.48410401769
439.0,0.750260460497,0.67688974922,0.562270275436,0.484359379008
440.0,0.755073553481,0.673555765559,0.560122934685,0.495534503401
441.0,0.750819581786,0.669195396966,0.573451196224,0.494743641768
442.0,0.754130182672,0.662725895298,0.573134409195,0.491775967487
443.0,0.751756584017,0.662965794568,0.568082388442,0.496575250665
444.0,0.758927124442,0.669058763994,0.567736333153,0.498759764348
445.0,0.746185590729,0.670534722833,0.571786905981,0.504161297787
446.0,0.751708972994,0.668669015018,0.580102617792,0.506408824956
447.0,0.743786706847,0.677993047738,0.572267513131,0.503318768564
448.0,0.752026413853,0.667649188382,0.573770987087,0.502077089394
449.0,0.755384061245,0.678295188541,0.579043585898,0.503828293128
450.0,0.763931527523,0.672524220942,0.576439216381,0.502530745347
451.0,0.755365922997,0.67372386419,0.57689176669,0.494865142507
452.0,0.752073948129,0.67563768796,0.571583859108,0.494833818881
453.0,0.756234026553,0.691172018206,0.571983690968,0.495661350621
454.0,0.767699039059,0.672535750528,0.572989405022,0.4920019339
455.0,0.759708371819,0.681617248337,0.568588928974,0.497918210545
456.0,0.757169737589,0.679783378197,0.579631324341,0.499083944733
457.0,0.764024791765,0.673729449723,0.563109121862,0.505345729488
458.0,0.758473195836,0.681965562211,0.580481811481,0.506589322103
459.0,0.758411388253,0.673976885677,0.579577840869,0.503653384272
460.0,0.76241962997,0.672561101774,0.573440363731,0.504812059915
461.0,0.770418466307,0.678513597801,0.582144044464,0.501364240984
462.0,0.760606850672,0.677570561363,0.582014039175,0.504252229177
463.0,0.771252888868,0.679061286271,0.586019355908,0.50164371369
464.0,0.768438305296,0.684011111231,0.571495213546,0.510966050568
465.0,0.760739172335,0.681121977763,0.578619464073,0.503012170259
466.0,0.771000742243,0.676323868026,0.585497390972,0.501446461987
467.0,0.765245344399,0.67862585099,0.582260474028,0.505055344499
468.0,0.769836499937,0.684633548672,0.577958704559,0.503928842878
469.0,0.769892435068,0.679027652873,0.584912653377,0.514030709284
470.0,0.769439789255,0.686017975481,0.577487547093,0.509936676628
471.0,0.769451646381,0.675097999421,0.578809067724,0.509888170581
472.0,0.765913800502,0.68157003764,0.579968352539,0.510977131828
473.0,0.765107491915,0.693380917222,0.592891325933,0.500458279133
474.0,0.767985083177,0.68686091172,0.584484985721,0.510828238216
475.0,0.768328225389,0.675343174687,0.572608204846,0.50481399252
476.0,0.771237166431,0.689654738917,0.588999302193,0.503042444941
477.0,0.767038495169,0.683743095692,0.581040337649,0.501337832268
478.0,0.768285918302,0.680008539096,0.584580912085,0.507094020661
479.0,0.776689870256,0.68139892581,0.582306515951,0.514024582001
480.0,0.773791555829,0.688257559852,0.575828022215,0.515673254443
481.0,0.762846382539,0.684373342822,0.59525545183,0.511987810923
482.0,0.776542257095,0.695399948061,0.588626557583,0.520877894215
483.0,0.77930846215,0.686435592121,0.587218576644,0.516821990043
484.0,0.768820880714,0.694406922799,0.589783316017,0.511073653571
485.0,0.780819589197,0.693723221327,0.592249196518,0.515568760882
486.0,0.765680198835,0.686624533639,0.595962668459,0.508882478482
487.0,0.771197464341,0.696917813053,0.581837558196,0.516618193921
488.0,0.779894196413,0.692112827336,0.589825998534,0.528613403857
489.0,0.777817059633,0.69391069262,0.591411232185,0.510214434648
490.0,0.772060116265,0.685796124439,0.584445528424,0.50742143071
491.0,0.769651119784,0.688505911776,0.588300768069,0.510298328873
492.0,0.776922596228,0.687755193277,0.598817752294,0.509579424287
493.0,0.77911081077,0.69764512496,0.582324998596,0.511670247218
494.0,0.77633244592,0.688879519447,0.591710116265,0.514742149829
495.0,0.772255618545,0.68897887702,0.593084756167,0.525241623364
496.0,0.787980639431,0.699772102505,0.599200380784,0.520974244988
497.0,0.783053160611,0.699045487461,0.592683553709,0.514301422419
498.0,0.769027135043,0.695022500646,0.591960444919,0.522155590765
499.0,0.769595836458,0.695790821113,0.60174787386,0.518055810453
500.0,0.780702623254,0.699847857996,0.593062862632,0.517453039913
501.0,0.782494718919,0.699718627428,0.589432670199,0.518868183862
502.0,0.776057819747,0.698305879608,0.598709254574,0.522006152582
503.0,0.780596584533,0.694390220525,0.605523822526,0.516849516775
504.0,0.779689291207,0.695720938763,0.605275771421,0.51465517567
505.0,0.780021195062,0.703157061873,0.598551994504,0.519035512659
506.0,0.780436687059,0.694485642854,0.595393868201,0.516330481401
507.0,0.780155347932,0.701694059726,0.601980623205,0.520533242533
508.0,0.78511319064,0.709538041273,0.60244103422,0.516413356495
509.0,0.780241099407,0.707964546136,0.599453906022,0.527204623537
510.0,0.77519158777,0.700719260857,0.601247661018,0.522467585401
511.0,0.785485619337,0.702135349415,0.607899941172,0.515324020642
512.0,0.781997615126,0.694178107902,0.593668993707,0.527110654929
513.0,0.780535483793,0.703570730002,0.59639959842,0.53122043876
514.0,0.785159644213,0.701552609479,0.604080667793,0.531612254938
515.0,0.795728940588,0.709179214776,0.601794957081,0.524654389829
516.0,0.77822038124,0.707696777268,0.607100450646,0.521103219969
517.0,0.788144476959,0.710473405972,0.597212637515,0.521011611494
518.0,0.78306908196,0.714255219902,0.605449726785,0.523449630474
519.0,0.790637860175,0.702788449589,0.602213543232,0.528828419934
520.0,0.784658442883,0.700188361053,0.599819970066,0.517031852677
521.0,0.785197854299,0.710493789781,0.604600059883,0.521188746146
522.0,0.795765192402,0.701227770644,0.604698500422,0.530626938104
523.0,0.793731964235,0.709023969584,0.601015078349,0.52799996632
524.0,0.7903540832,0.707399998489,0.602881927648,0.531162540568
525.0,0.787854036186,0.708359091204,0.599293192372,0.520235157636
526.0,0.79413052979,0.700565877729,0.607405727493,0.522705011354
527.0,0.785892538129,0.708902380368,0.606850667816,0.527947054678
528.0,0.795896908605,0.699025945714,0.606647132319,0.527502228282
529.0,0.793385025923,0.712588322655,0.611191115026,0.520241248331
530.0,0.793285983571,0.705901445711,0.603543478273,0.534753309238
531.0,0.78913674264,0.714518740395,0.602478837565,0.533675114769
532.0,0.792354555677,0.712873000675,0.605568747226,0.526252876546
533.0,0.792168882126,0.715017428144,0.606306923712,0.530733908715
534.0,0.796858935899,0.715731812852,0.612702988439,0.527220940214
535.0,0.798653859803,0.717978227306,0.603423778026,0.537972633919
536.0,0.791502111755,0.72066114601,0.608331171161,0.524914257114
537.0,0.804593025343,0.707243782069,0.61223902775,0.527974586723
538.0,0.792256806532,0.712627646274,0.608884733222,0.530877899397
539.0,0.803225324605,0.713799850043,0.608217582428,0.531855750494
540.0,0.802153791705,0.709118348531,0.606324387777,0.538477498853
541.0,0.789391703675,0.711016804757,0.606011468003,0.538320489118
542.0,0.791728156114,0.7142902057,0.612254196361,0.537736058341
543.0,0.798856785185,0.714210762077,0.608869930698,0.545918792508
544.0,0.795609139877,0.711931411101,0.617142822819,0.527281089973
545.0,0.800701916629,0.716287222359,0.60954436635,0.536524259033
546.0,0.792748538987,0.718173859858,0.620002070008,0.538330343931
547.0,0.801649332994,0.717015413742,0.610991850367,0.536539834051
548.0,0.789978419527,0.709203818221,0.604980312869,0.529300189045
549.0,0.799320001808,0.711391391334,0.619916021688,0.539913883456
550.0,0.803461552366,0.717131124368,0.6186080552,0.53605088599
551.0,0.795069208791,0.715971741666,0.615494788247,0.539214267039
552.0,0.798394708503,0.719948362995,0.60828505274,0.545557112424
553.0,0.799567811013,0.724175827732,0.614423906843,0.536757351769
554.0,0.803983787792,0.712840257035,0.61138342284,0.53948877648
555.0,0.798996699363,0.71483277204,0.618912502484,0.536507878481
556.0,0.797198577668,0.714972579038,0.62569746062,0.541002335191
557.0,0.803014717623,0.719521037103,0.61373075034,0.539111982705
558.0,0.802819927768,0.717222153834,0.617651520138,0.534543437879
559.0,0.791446968436,0.715498349605,0.617397393695,0.546559862571
560.0,0.813649166259,0.714456430491,0.620116002794,0.537423166318
561.0,0.803012131692,0.719380968498,0.61878892671,0.536278518006
562.0,0.796726510296,0.716615569882,0.617882645018,0.546777260165
563.0,0.805213225662,0.720542569834,0.613773556345,0.54033267245
564.0,0.80049423587,0.723726447198,0.61859399138,0.548237429487
565.0,0.804839110132,0.725688999369,0.620839000316,0.535966025856
566.0,0.802124334237,0.726292539047,0.614843130169,0.541870128483
567.0,0.803212588595,0.727063628446,0.61651168432,0.542907654037
568.0,0.811935884829,0.723058156265,0.619651414457,0.542924552609
569.0,0.810689727421,0.722884094474,0.624221314771,0.553701436061
570.0,0.794784502358,0.722936819072,0.622968059194,0.545823438008
571.0,0.800196322863,0.726350535717,0.625552317808,0.540524379242
572.0,0.807229739088,0.720720011253,0.622502158779,0.54556525333
573.0,0.80105049918,0.721342150946,0.617835160513,0.54833820277
574.0,0.822333412334,0.724843617351,0.620479383422,0.544606403952
575.0,0.808624993088,0.732755896704,0.61754701323,0.541274334142
576.0,0.809652499596,0.723137777357,0.616477135755,0.549421611746
577.0,0.801176965314,0.73019290293,0.618532222281,0.548907644322
578.0,0.81007529613,0.734411467546,0.621136276779,0.548439703759
579.0,0.802551959917,0.729324031077,0.608387306269,0.544782969734
580.0,0.810124042184,0.734080256021,0.632457954093,0.548725954525
581.0,0.819644596542,0.730785665149,0.618890756757,0.546649565641
582.0,0.806229042358,0.732304232946,0.625686165855,0.544671150564
583.0,0.804082184543,0.738803247644,0.625993216673,0.551559521956
584.0,0.814077568957,0.73663935974,0.621578184755,0.54766560531
585.0,0.810642028893,0.720938032653,0.620724746457,0.539856652674
586.0,0.813539705562,0.724727850551,0.624764288895,0.539326890773
587.0,0.815568427819,0.729290004566,0.618333491445,0.538525528072
588.0,0.815357472777,0.727954940548,0.627997720732,0.54077617215
589.0,0.809065721002,0.738977128586,0.624959961734,0.550905721472
590.0,0.803434783691,0.738686127907,0.639762920196,0.554388691963
591.0,0.817131119784,0.735519366938,0.618025115951,0.549560224442
592.0,0.817669068305,0.736594193257,0.627669090116,0.55235009202
593.0,0.808664225086,0.737970308435,0.629176821116,0.543457443827
594.0,0.813907999194,0.731228917144,0.632147684086,0.548444020727
595.0,0.829778641358,0.733157114141,0.627509730007,0.548762574363
596.0,0.819635974776,0.732032620971,0.622979797346,0.554219361143
597.0,0.813520186785,0.730949723673,0.626340035154,0.554962707346
598.0,0.811642724379,0.727538394808,0.627750600952,0.547520390343
599.0,0.812551652163,0.738002856878,0.632250515633,0.554837478293
600.0,0.81896874081,0.731362526946,0.625130938525,0.553168766895
601.0,0.817455756912,0.728706361446,0.631425069573,0.550200166957
602.0,0.822797342551,0.734297950911,0.634142139507,0.54430284254
603.0,0.830876527363,0.726087776178,0.631074695616,0.559478711128
604.0,0.811823189474,0.738457165339,0.629457515552,0.553170948777
605.0,0.82292780731,0.732993002526,0.632933561306,0.560636902582
606.0,0.822892236623,0.735604703289,0.633418242514,0.547232449075
607.0,0.816441050236,0.731920782724,0.622978901692,0.549444428934
608.0,0.822703570812,0.734585877386,0.626884335508,0.551179305127
609.0,0.814095429648,0.733965572175,0.629857872921,0.547913145828
610.0,0.825635562634,0.735135015313,0.62131105608,0.544255578863
611.0,0.822304019959,0.739093295946,0.620602142836,0.548313426793
612.0,0.816212872797,0.737963138787,0.630247328831,0.551879154916
613.0,0.820989053434,0.733173438499,0.628389126209,0.551520892788
614.0,0.817078521352,0.736960844767,0.635098485884,0.562657761254
615.0,0.810345698727,0.741006194946,0.631914652736,0.553559216589
616.0,0.81682511673,0.74370825698,0.630816187045,0.559232120419
617.0,0.814192807884,0.736673930171,0.633238961113,0.564161856372
618.0,0.824944942088,0.735909081069,0.631689942357,0.551561991931
619.0,0.813781199847,0.738829011921,0.63612083173,0.558842320412
620.0,0.825856512738,0.734765625673,0.640635280397,0.561427480135
621.0,0.823981421539,0.750441140439,0.630853405641,0.552558462091
622.0,0.811861711584,0.742206537627,0.634927739781,0.556198144829
623.0,0.819309482581,0.739653907147,0.64027963014,0.560972498038
624.0,0.8216093037,0.747202491779,0.638265826527,0.567896712905
625.0,0.830807989263,0.732865733713,0.637104758835,0.556875685698
626.0,0.820884274482,0.732551276672,0.627001200357,0.55606441175
627.0,0.826308076648,0.736810318512,0.635575661687,0.565624954881
628.0,0.829178118493,0.738727172516,0.638781674272,0.558369558099
629.0,0.823631039541,0.738729497428,0.642700295422,0.550176989209
630.0,0.827461551173,0.738938860138,0.635529737185,0.554505377745
631.0,0.816006393368,0.750143607257,0.632280094349,0.557065369446
632.0,0.825495253928,0.746263592207,0.634249221374,0.552977350356
633.0,0.817991047342,0.749331572328,0.641891986004,0.560471430818
634.0,0.834793462739,0.741445724033,0.641047931795,0.564210052218
635.0,0.837710428564,0.751411757544,0.638352160069,0.560915141743
636.0,0.821869841269,0.745890214652,0.64195964077,0.559663289992
637.0,0.825004426361,0.750286808798,0.634530214174,0.557363071912
638.0,0.821502030386,0.745474154055,0.632306819907,0.563652639454
639.0,0.828738896752,0.745375566672,0.638007947064,0.566489578845
640.0,0.831732404405,0.750010293201,0.635113912411,0.572454345361
641.0,0.829765655232,0.747053313975,0.641737426243,0.55648512263
642.0,0.832100670122,0.748834167939,0.633916286481,0.557544678356
643.0,0.834007938962,0.748945139445,0.638455885273,0.5559919405
644.0,0.831338403101,0.740332325119,0.638024126179,0.569109031931
645.0,0.827375005524,0.750213032866,0.642281278739,0.556867339255
646.0,0.842792927048,0.741507914878,0.648795276142,0.562023642578
647.0,0.835110255316,0.755575826941,0.637266354261,0.562218116175
648.0,0.823922350684,0.755064701986,0.64620060115,0.564072299784
649.0,0.831176964835,0.755567670696,0.646992161094,0.565079276814
650.0,0.832418701735,0.747049980811,0.644737925933,0.567961202288
651.0,0.819876445064,0.753844558754,0.640423129185,0.565590547045
652.0,0.837307020921,0.749011983717,0.650158342198,0.562223713364
653.0,0.829613090671,0.751067572366,0.635763947486,0.567192206214
654.0,0.831979332992,0.745248816823,0.634784361955,0.566658474582
655.0,0.836271237538,0.745080735414,0.650578833123,0.571817399454
656.0,0.832659510815,0.747758337941,0.633241336041,0.571417418836
657.0,0.831812327989,0.747056499044,0.640937596624,0.57217920582
658.0,0.833624592784,0.749721475443,0.643926745689,0.57067469827
659.0,0.833658739706,0.754056065905,0.659634651028,0.567806408668
660.0,0.837072021233,0.757009441647,0.646195816973,0.562182664317
661.0,0.833926621116,0.756021344404,0.640640826722,0.572834186018
662.0,0.837577730882,0.745331876616,0.649347917946,0.563021605828
663.0,0.835427133908,0.758693380838,0.644444438331,0.566047225294
664.0,0.837549212413,0.752066875274,0.646069380541,0.565255539091
665.0,0.847973481674,0.749567367092,0.651614633988,0.56684295118
666.0,0.837269439032,0.745745912342,0.6481810848,0.558358358548
667.0,0.832922213368,0.757118183518,0.647978484882,0.573420348747
668.0,0.838322480108,0.745007257456,0.64231804626,0.565301680228
669.0,0.84641015528,0.756560841463,0.647278778163,0.566675081605
670.0,0.839344054696,0.758486254729,0.647972949817,0.574844997344
671.0,0.836481674371,0.757639733106,0.647422456496,0.559291320273
672.0,0.840717140341,0.754354601253,0.651771779397,0.571298501239
673.0,0.840041716578,0.755351615543,0.639262850177,0.566314621349
674.0,0.848267409074,0.750921523384,0.644958839231,0.572280197604
675.0,0.841133862463,0.758101300061,0.645900161153,0.567647726963
676.0,0.839404394437,0.755557023794,0.650723341122,0.572132070128
677.0,0.84679269561,0.760293126133,0.64691839914,0.574360545435
678.0,0.836430727903,0.757371863712,0.645224630167,0.570361942663
679.0,0.8380850742,0.761807653239,0.641558783067,0.570544485333
680.0,0.842891644032,0.753637080039,0.649275201286,0.578409920654
681.0,0.840286418247,0.75895778933,0.644228296507,0.574567090963
682.0,0.839567514958,0.758486232333,0.658746810314,0.566865543543
683.0,0.840930026381,0.766348837336,0.652338117451,0.569775007272
684.0,0.839909275528,0.761442002894,0.651144161157,0.575637119685
685.0,0.840727656378,0.762698261836,0.651621485024,0.56913107756
686.0,0.837746501128,0.761126288306,0.65335486615,0.570533093308
687.0,0.844558156154,0.765498309047,0.644889888338,0.579062564542
688.0,0.842057732562,0.75209519408,0.647575234189,0.574206137294
689.0,0.848266491314,0.754615718834,0.654136300974,0.578633023793
690.0,0.84617556723,0.751802938278,0.661761539613,0.575183471225
691.0,0.852440392045,0.759178096567,0.650765004026,0.574120078785
692.0,0.838115570813,0.762600256282,0.64434648193,0.566354856156
693.0,0.846383926086,0.757902433387,0.647986122278,0.575072483445
694.0,0.849109846325,0.768558517916,0.658217784507,0.575576510599
695.0,0.835728905193,0.760496872752,0.652570852169,0.571390763127
696.0,0.836344619377,0.76566704113,0.658479596111,0.579320009531
697.0,0.843971971222,0.763407489837,0.656727119922,0.58365600513
698.0,0.850433558953,0.75600931116,0.66246048552,0.577945371435
699.0,0.841274092192,0.768066276,0.65987844441,0.574205731691
700.0,0.850804820952,0.764477134983,0.651339511955,0.575476097363
701.0,0.847636172463,0.762605163371,0.647540739894,0.582090450046
702.0,0.852989514282,0.772120283569,0.656884639473,0.584870995251
703.0,0.846427025062,0.760501397468,0.65181111542,0.578408409386
704.0,0.841252530039,0.768283694578,0.652588858854,0.571291936539
705.0,0.842637070503,0.757596180387,0.653560132452,0.583492528827
706.0,0.844814783811,0.761213232289,0.641629823026,0.576338722677
707.0,0.838856027448,0.771057312228,0.648546183886,0.580184887571
708.0,0.843636493538,0.775978684409,0.658596492266,0.576913560734
709.0,0.854865778484,0.77234750682,0.666835446555,0.573178147909
710.0,0.841105835959,0.76518691379,0.651682851986,0.585020520672
711.0,0.848456299618,0.76900759908,0.657696693366,0.580699747439
712.0,0.844725410326,0.766573124429,0.654516209518,0.582290195484
713.0,0.850615362024,0.7659702423,0.662403536981,0.582970905397
714.0,0.849267227495,0.767173573595,0.663268561741,0.583875757006
715.0,0.852152760884,0.767782641646,0.654524073743,0.581172327986
716.0,0.849487115819,0.764865504428,0.647111348444,0.577465347843
717.0,0.864828726983,0.761180384646,0.657370520108,0.579915674939
718.0,0.847840489111,0.768379169781,0.654856926096,0.585481352492
719.0,0.853374736362,0.775885714092,0.65163824977,0.574509715801
720.0,0.850592198061,0.771480363794,0.65982775903,0.574118480719
721.0,0.850928930012,0.769156997691,0.660517249849,0.58274772334
722.0,0.849508139986,0.764477339851,0.660879641016,0.59515543416
723.0,0.848110186309,0.772789962132,0.657290105134,0.590356865421
724.0,0.849008297056,0.769488700708,0.661385797729,0.582201572766
725.0,0.848378425721,0.773143708178,0.652297274558,0.575931314167
726.0,0.849111023403,0.770539887577,0.654041692868,0.580256489285
727.0,0.850584891625,0.765505947327,0.651699654691,0.58096176651
728.0,0.855587578318,0.770975797108,0.656000660882,0.583583443552
729.0,0.856682266935,0.767221953576,0.654209418436,0.583602825271
730.0,0.846764623601,0.775424256373,0.663163204048,0.585150377224
731.0,0.85918091416,0.773141373965,0.661282971666,0.577222709732
732.0,0.853356941789,0.779064644298,0.651160554818,0.576693413084
733.0,0.848080122088,0.775767791382,0.66634315579,0.580287260993
734.0,0.849333017143,0.769616952261,0.667856672853,0.58745968789
735.0,0.851597200263,0.772317881879,0.661327764822,0.587121141157
736.0,0.855093995873,0.777271087068,0.667631275899,0.582332819933
737.0,0.855926345173,0.768997019147,0.659196786605,0.591465595785
738.0,0.85576990121,0.77216390346,0.65332816704,0.578654320015
739.0,0.85899086282,0.776278140958,0.663020433615,0.58067947291
740.0,0.864115041981,0.777782100577,0.660314160505,0.585232755623
741.0,0.856504186406,0.769187300206,0.666123578172,0.592314219883
742.0,0.852136586528,0.774623907967,0.659379622645,0.57608105921
743.0,0.861121655197,0.774075462506,0.659310197672,0.584976693037
744.0,0.858958247196,0.777599062366,0.667004751709,0.582599585674
745.0,0.857501101862,0.768084815595,0.658189168977,0.582941686258
746.0,0.849731165021,0.785850466805,0.671665193937,0.575839942
747.0,0.858044265774,0.77102597151,0.666449409573,0.583735158448
748.0,0.848121715046,0.770797371527,0.66602150592,0.58461751593
749.0,0.854004928287,0.775397882748,0.660015843032,0.580988074095
750.0,0.864265499272,0.774371905932,0.660776855031,0.584905294331
751.0,0.863094796322,0.780051476581,0.664768723792,0.59063472049
752.0,0.84765157323,0.778477405743,0.653347486864,0.587086385737
753.0,0.857502638501,0.78448963638,0.671752926388,0.581299556106
754.0,0.858338362828,0.777944887923,0.66241527354,0.586485317457
755.0,0.858828225537,0.775637042101,0.668028028934,0.586191903718
756.0,0.853693899835,0.776998122135,0.667641793725,0.591338465447
757.0,0.854616863227,0.774056141757,0.662592271691,0.58637741365
758.0,0.855050032631,0.777657956496,0.667557212252,0.586291146049
759.0,0.848585399686,0.778487797525,0.667243695436,0.589910466551
760.0,0.856962841346,0.757882194386,0.664809278361,0.591636536123
761.0,0.857922641702,0.78072131429,0.669988066891,0.597157999861
762.0,0.872878279864,0.775651792686,0.668489747726,0.592630088752
763.0,0.859898320119,0.784184932914,0.674624099536,0.594541551602
764.0,0.86485473806,0.77517842587,0.655530814893,0.592560217494
765.0,0.86404349604,0.779310910288,0.675352669712,0.59074388616
766.0,0.849910254456,0.775160135462,0.66758481342,0.590411521222
767.0,0.860259501635,0.778335505786,0.669715567368,0.587612688391
768.0,0.863391279275,0.772933681592,0.671419789191,0.601654074943
769.0,0.85957559869,0.776965484147,0.671767547244,0.584339549736
770.0,0.862299799993,0.781043711034,0.675647400189,0.586997443791
771.0,0.864565172147,0.779089071986,0.671095036165,0.591223022792
772.0,0.854662726452,0.775135790908,0.673738178639,0.58743828825
773.0,0.86064560493,0.784751798477,0.665926287871,0.600851718445
774.0,0.858044909684,0.777902495212,0.675311519971,0.592752041913
775.0,0.865828926218,0.781584503208,0.668772797463,0.593282938264
776.0,0.863915759543,0.789617824508,0.678657171203,0.595224839571
777.0,0.864891455732,0.782875627903,0.669333443708,0.599366334606
778.0,0.860110776201,0.793013544319,0.666823796916,0.591757697417
779.0,0.873080860868,0.778602055258,0.67449917643,0.600462428448
780.0,0.859136415914,0.778081696337,0.675441441669,0.591562964602
781.0,0.865378917327,0.785301622459,0.668078807165,0.589679854687
782.0,0.866811304294,0.790262205225,0.667862643009,0.589909331779
783.0,0.865762310918,0.780973482541,0.675454363462,0.596191585413
784.0,0.86434357411,0.79548776484,0.673855935974,0.607372211506
785.0,0.871795166138,0.784377141224,0.666335160491,0.602102802021
786.0,0.872442265239,0.782576162323,0.671114405838,0.591875168391
787.0,0.872858862372,0.779072425484,0.667022315699,0.600301457404
788.0,0.865033514498,0.780119529679,0.673763921025,0.591109699166
789.0,0.869847371977,0.779427105828,0.667923226451,0.601657592042
790.0,0.882624630804,0.787913666248,0.673639594927,0.586727777956
791.0,0.871130445391,0.786246478996,0.673281544432,0.602940021031
792.0,0.868713053928,0.783591461726,0.680362319476,0.589851104786
793.0,0.868619475841,0.786599335514,0.67137659398,0.604805158186
794.0,0.869397113494,0.788645530652,0.67725392065,0.60246384293
795.0,0.865919147735,0.781895382828,0.672367191802,0.60197530611
796.0,0.87664702764,0.784876756478,0.666978872662,0.595566640853
797.0,0.861464214857,0.785496966121,0.677117759629,0.594497976283
798.0,0.871475130556,0.791356642702,0.684462559754,0.59332016639
799.0,0.880422263146,0.792036344142,0.683433496841,0.596608057292
800.0,0.868705462495,0.791867868487,0.678014210494,0.590725936951
801.0,0.865029543892,0.788867389744,0.682250701434,0.5948698407
802.0,0.869639317628,0.789332156725,0.665459680828,0.608115804293
803.0,0.865443768841,0.778607527171,0.684726900562,0.597941703851
804.0,0.870031210445,0.788759799673,0.679237466707,0.600873166943
805.0,0.869421028675,0.79377563512,0.668590954344,0.594529235583
806.0,0.873198365369,0.784813058141,0.67707043987,0.597299849736
807.0,0.86831748051,0.790921252211,0.67396427184,0.595781261829
808.0,0.863296435055,0.797052879061,0.675846676241,0.598623801757
809.0,0.873729931248,0.785770773898,0.68404948701,0.590289331747
810.0,0.877275064708,0.788092356555,0.67554846752,0.597924160219
811.0,0.876942303393,0.793030888998,0.669770561632,0.593137873947
812.0,0.872373219519,0.791874881027,0.667150851508,0.604288550275
813.0,0.872075910115,0.785890241647,0.678724257445,0.603437533053
814.0,0.86937238499,0.787304688655,0.678080007254,0.599978404045
815.0,0.86998179946,0.792323784569,0.682622265129,0.606530791587
816.0,0.864561609449,0.788268177864,0.679482936968,0.597730444265
817.0,0.86843205948,0.793051913226,0.677732705925,0.605246073497
818.0,0.871673359945,0.788698653079,0.686419301337,0.599466037812
819.0,0.871220073443,0.787979430183,0.675826771421,0.599601082315
820.0,0.879592307839,0.792812704428,0.678394211784,0.602645107776
821.0,0.876843326581,0.790619547315,0.67355737303,0.601656233874
822.0,0.865774410285,0.795935285452,0.683279611912,0.603936316397
823.0,0.877428305258,0.795200473381,0.683621003162,0.610036023079
824.0,0.87374086719,0.792313995036,0.673629742501,0.594440409659
825.0,0.872952839356,0.789901095407,0.679943794006,0.604381833738
826.0,0.875055161564,0.795229552057,0.681465421525,0.602685272439
827.0,0.862693262823,0.796344917915,0.677559290616,0.600860495757
828.0,0.868735676078,0.791742166809,0.684093386706,0.595248183384
829.0,0.869567121467,0.795985410853,0.684521666892,0.60825676888
830.0,0.865290427747,0.797333673332,0.679469764862,0.606854379401
831.0,0.88006834262,0.789780004968,0.678036348098,0.599150555972
832.0,0.870892590791,0.796658430565,0.684825201151,0.596971608296
833.0,0.878582410186,0.796291367335,0.682921106356,0.600531802105
834.0,0.870389082065,0.804590368814,0.680399650259,0.602934056569
835.0,0.87685938892,0.794868112204,0.676605929194,0.606687107891
836.0,0.871288260108,0.795439623173,0.672640696004,0.60290385635
837.0,0.870933587868,0.792401257023,0.684943351541,0.612612547892
838.0,0.880283017734,0.794315951429,0.688869121188,0.612930382619
839.0,0.877725204254,0.794996537959,0.682136970122,0.607238187511
840.0,0.879913338826,0.798994370003,0.681228721142,0.608642235256
841.0,0.879208192049,0.792628396563,0.678291156269,0.601660963332
842.0,0.884377985135,0.800947980799,0.677268276036,0.602210805908
843.0,0.867657919133,0.793950004082,0.680016624531,0.60368639747
844.0,0.866205290523,0.795609880009,0.680438723441,0.610300033549
845.0,0.869544378679,0.804992042944,0.688412274427,0.61507576673
846.0,0.867318894705,0.803357907134,0.686531005214,0.605974452146
847.0,0.885231120458,0.791096894098,0.685491846209,0.60402358245
848.0,0.866572142913,0.795312134214,0.678985892497,0.614578247283
849.0,0.878361148196,0.794894198737,0.687283541873,0.6025426764
850.0,0.872892194706,0.806114351567,0.679697819793,0.610323106246
851.0,0.877986178001,0.795527178599,0.678195035931,0.610384338587
852.0,0.892965122878,0.795804597055,0.688065860433,0.604589552881
853.0,0.888457766265,0.796874094296,0.687393457755,0.606379510552
854.0,0.884311355033,0.800968003754,0.690876741211,0.608151886468
855.0,0.881107246736,0.797788287894,0.677928624622,0.610051652287
856.0,0.876224697403,0.794062966642,0.67753839909,0.608933799491
857.0,0.871304727047,0.80126654229,0.679952738839,0.60348542337
858.0,0.886593147581,0.796904923006,0.683564790595,0.611547002362
859.0,0.879136812332,0.806392599424,0.680827420663,0.609748884655
860.0,0.885327318502,0.798097547947,0.67815916104,0.608032334545
861.0,0.883760468206,0.799209871713,0.689735773703,0.61373089644
862.0,0.871688432092,0.804546721726,0.676155856364,0.61529465547
863.0,0.878764739641,0.791426460495,0.694172463221,0.613701161509
864.0,0.880852625665,0.797055570507,0.685975487231,0.608565058107
865.0,0.884799145376,0.801402447253,0.68909012313,0.614604827294
866.0,0.883549817089,0.803837822778,0.68870980679,0.608113754104
867.0,0.870514180799,0.802510194283,0.694236631818,0.618024809211
868.0,0.880009422184,0.797048585652,0.687230603417,0.610619479365
869.0,0.882224262759,0.792392591652,0.682782304888,0.616788144569
870.0,0.887529767635,0.807878439492,0.682783645332,0.614492582562
871.0,0.88258155912,0.7963847442,0.6873273404,0.609127781591
872.0,0.876710883741,0.796366040837,0.688391828158,0.611052052251
873.0,0.884781968522,0.804261847311,0.687984183284,0.609641231649
874.0,0.884479827077,0.799749662942,0.690208077641,0.614865826933
875.0,0.876189441176,0.806654524345,0.692635520728,0.610187195273
876.0,0.88038471276,0.804535311296,0.685875372676,0.610924916175
877.0,0.878318542682,0.80362389891,0.679947166468,0.610237511117
878.0,0.88713690209,0.802433050882,0.686475336829,0.621718657192
879.0,0.884939104783,0.804239420622,0.688350930965,0.620367554177
880.0,0.883742550126,0.805493773864,0.688107992066,0.610395255678
881.0,0.881800746941,0.798739054825,0.684464328126,0.613482019973
882.0,0.887710223509,0.801384541241,0.683035126933,0.612429282065
883.0,0.880567097605,0.80230971617,0.687085655,0.613843963025
884.0,0.88928795179,0.798247378542,0.681621778909,0.609005953708
885.0,0.88209826723,0.801052924314,0.685257191525,0.606962547431
886.0,0.889668066246,0.798033382755,0.696845689312,0.608363739886
887.0,0.881425321513,0.810255916884,0.688277312369,0.607910006987
888.0,0.881700793316,0.806452521464,0.686267695545,0.610332067601
889.0,0.881546372501,0.807928657623,0.688724722487,0.615732476273
890.0,0.878072184105,0.804417283174,0.68695549149,0.607424776563
891.0,0.880690278268,0.793892258369,0.704074179489,0.614388438421
892.0,0.874313533116,0.805235911904,0.690009997939,0.617759713034
893.0,0.883420712687,0.800000382653,0.683927467002,0.613252877783
894.0,0.880771708484,0.808773289923,0.683973965535,0.610977303008
895.0,0.87818961809,0.800745997488,0.692613979269,0.624986138638
896.0,0.884254442817,0.814241102677,0.685578869038,0.611002245239
897.0,0.883589021229,0.814030787001,0.689845790963,0.616816826056
898.0,0.890541587847,0.805067187211,0.69771317364,0.615839212823
899.0,0.884637817882,0.820150052143,0.688880949694,0.621534740334
900.0,0.881969710198,0.809192617459,0.690484653448,0.617615567689
901.0,0.886731082629,0.804353418179,0.695780517865,0.619236494016
902.0,0.884600248652,0.79819022167,0.686855667369,0.617246744011
903.0,0.886407010373,0.796115420456,0.693253472504,0.61119129389
904.0,0.877113237951,0.811925609857,0.69019524021,0.619119670034
905.0,0.887058961802,0.813535219558,0.692381371477,0.616448605365
906.0,0.890701333417,0.813647760715,0.687000553966,0.607744367915
907.0,0.888218685849,0.80468964011,0.697239715339,0.612925114542
908.0,0.882748840363,0.812761775226,0.701603877989,0.615869130569
909.0,0.887564453019,0.802022277388,0.689711208315,0.610654803483
910.0,0.889755079327,0.813270243656,0.696945340656,0.62013345903
911.0,0.890966611612,0.813061934636,0.69640267981,0.615478357747
912.0,0.894704189627,0.809355525733,0.693559534126,0.612245201141
913.0,0.890007533364,0.814977779136,0.692648378821,0.611764873376
914.0,0.896313244015,0.80744242801,0.692214214235,0.619076287273
915.0,0.885284786607,0.807203857176,0.689669345259,0.614320008012
916.0,0.88944699337,0.804895528165,0.694372711593,0.623061035688
917.0,0.881626044998,0.805671228719,0.702402456163,0.618882457422
918.0,0.895164305707,0.808617755753,0.693965041212,0.618680809775
919.0,0.889429201872,0.806782284771,0.694776575024,0.618792139549
920.0,0.893576739157,0.814363082167,0.693176727208,0.612492420454
921.0,0.883475436262,0.803540035783,0.688677415928,0.61621095026
922.0,0.884421686614,0.810297932256,0.69275926902,0.602867057399
923.0,0.890500828882,0.807851841063,0.696017936102,0.622935468932
924.0,0.883802656015,0.812645000879,0.695584454473,0.615924977282
925.0,0.893900402877,0.805003289841,0.690610435767,0.623880593269
926.0,0.895614116657,0.809231098082,0.686298265206,0.614676213542
927.0,0.899767446403,0.799935662492,0.687494055923,0.608958846061
928.0,0.888557742599,0.817788103154,0.693324874059,0.612602780546
929.0,0.888691477321,0.803254534585,0.6871204115,0.612052901338
930.0,0.897321970751,0.812957051589,0.686837268136,0.61437301073
931.0,0.893655131649,0.809193972647,0.702304816172,0.615445913713
932.0,0.89386789538,0.811260806344,0.69072773208,0.617975860138
933.0,0.89541649446,0.81005152173,0.702220332224,0.616076050861
934.0,0.886756402247,0.813455090239,0.697106147701,0.621354485867
935.0,0.88586553029,0.804823227217,0.71044633192,0.640178264277
936.0,0.894733599652,0.814239569803,0.691960183555,0.625438296633
937.0,0.900232269502,0.806936880425,0.698331646808,0.607815620004
938.0,0.88651820822,0.80619840843,0.704935567503,0.622190034012
939.0,0.901135580496,0.807207655088,0.701064815083,0.615701653898
940.0,0.886881427751,0.815736584027,0.699385630822,0.629801982207
941.0,0.900064113541,0.810545689784,0.699558312142,0.613356828085
942.0,0.883909838156,0.817346613334,0.700194596283,0.617043205169
943.0,0.894199962471,0.811154240047,0.701316074639,0.618436469338
944.0,0.890422536502,0.814811920941,0.697663168677,0.627532960688
945.0,0.883130905537,0.811949890013,0.692824791735,0.624840206101
946.0,0.889881780497,0.807819257916,0.701362842542,0.623250391534
947.0,0.889479365898,0.821384797212,0.695622802632,0.629007677779
948.0,0.890050678895,0.815395269976,0.696678249711,0.618272411259
949.0,0.892389171145,0.819356892351,0.697838790936,0.622153290102
950.0,0.895802618536,0.806696333613,0.695292813306,0.615081414132
951.0,0.893642672934,0.815796828757,0.705653165728,0.615234344237
952.0,0.894202050386,0.818008203202,0.706506003158,0.619550839233
953.0,0.8964605426,0.824690623907,0.70372452054,0.619812722553
954.0,0.88790734075,0.821933222731,0.701375524097,0.626742349901
955.0,0.905236607515,0.81074709205,0.705011097826,0.624392178958
956.0,0.901456503737,0.812965246122,0.701757603528,0.625714102851
957.0,0.892425801482,0.819215829152,0.693887880302,0.628151639957
958.0,0.905629374116,0.809948446677,0.70129946517,0.623521196195
959.0,0.892859426794,0.821430618453,0.693640111806,0.622585498576
960.0,0.90428817618,0.80766646583,0.704413958927,0.625312254536
961.0,0.892065292865,0.813530303794,0.699376323637,0.627081076312
962.0,0.894150513408,0.818768074326,0.693451050533,0.62567168734
963.0,0.890581385334,0.816097202454,0.69794099631,0.628435882089
964.0,0.894091072436,0.821181445985,0.698918906366,0.625199506305
965.0,0.907576585734,0.82480634472,0.701051851803,0.618909402082
966.0,0.897209497792,0.820532539136,0.705815411598,0.627828556111
967.0,0.893635825635,0.807648438798,0.699351760251,0.625545431154
968.0,0.886791734904,0.818429710706,0.69723669964,0.62275554571
969.0,0.898808103329,0.807146160745,0.708859398859,0.618965027294
970.0,0.891211854652,0.81904593138,0.711184210351,0.625615218361
971.0,0.893603260188,0.821229788547,0.701384598925,0.620308952122
972.0,0.904620262214,0.820629344255,0.707672579909,0.624371621241
973.0,0.898607024017,0.827444083073,0.70174134026,0.632111410233
974.0,0.904526012183,0.81957126261,0.701139920942,0.629105486652
975.0,0.899257275271,0.815517459327,0.695162093939,0.6202206335
976.0,0.903187683752,0.820107949769,0.698781677026,0.643045270407
977.0,0.895740944559,0.819183311899,0.701396157274,0.624480023126
978.0,0.89005055739,0.82349143525,0.698496922584,0.625414007782
979.0,0.898781662329,0.808240235114,0.706128804841,0.620051145945
980.0,0.901989200944,0.815423917379,0.704076212467,0.625211770625
981.0,0.893849304178,0.820350643326,0.703846079904,0.630053185503
982.0,0.912726730402,0.815992511455,0.698621389647,0.6203143588
983.0,0.903166096222,0.821958493835,0.706342188285,0.626735212778
984.0,0.903017115564,0.817130143915,0.700305060288,0.627494331484
985.0,0.901041645117,0.808595006642,0.701685426343,0.625040578707
986.0,0.894833483347,0.821308540188,0.708102283244,0.629562121533
987.0,0.897459165972,0.838349126097,0.716487555614,0.637241540814
988.0,0.898382954836,0.821133439977,0.711530272595,0.630364743506
989.0,0.893038578723,0.827226028458,0.703769763102,0.632707153856
990.0,0.908904751132,0.81152740519,0.704506902846,0.623866326514
991.0,0.898493357414,0.819068100372,0.697941445547,0.616557003102
992.0,0.901217780521,0.816066835011,0.702200636656,0.631642775831
993.0,0.898673969443,0.817363381126,0.693677344598,0.624050265281
994.0,0.896040814219,0.818438487678,0.698523940504,0.627268315744
995.0,0.900400133081,0.821172112786,0.703812736412,0.632006737177
996.0,0.896090493107,0.823475728938,0.697879888839,0.627456510844
997.0,0.897000628443,0.824656163319,0.701341777516,0.631576738452
998.0,0.898423691771,0.8226313647,0.708460595786,0.631984252671
999.0,0.89884910664,0.815973024881,0.708966314291,0.632021522959
1000.0,0.90108802621,0.832727766154,0.704230194514,0.632032215536
